<?xml version="1.0" encoding="UTF-8"?>
<project-private xmlns="http://www.netbeans.org/ns/project-private/1">
    <editor-bookmarks xmlns="http://www.netbeans.org/ns/editor-bookmarks/2" lastBookmarkId="1">
        <file>
            <url>src/capstone2/MainFrame.java</url>
            <bookmark id="1">
                <name/>
                <line>67</line>
                <key/>
            </bookmark>
        </file>
    </editor-bookmarks>
    <open-files xmlns="http://www.netbeans.org/ns/projectui-open-files/2">
        <group>
            <file>file:/C:/Users/Aaron%20Spero/Documents/NetBeansProjects/Capstone2/src/capstone2/StartFrame.java</file>
            <file>file:/C:/Users/Aaron%20Spero/Documents/NetBeansProjects/Capstone2/src/capstone2/RegisterPanel.java</file>
            <file>file:/C:/Users/Aaron%20Spero/Documents/NetBeansProjects/Capstone2/src/capstone2/TitlePanel.java</file>
            <file>file:/C:/Users/Aaron%20Spero/Documents/NetBeansProjects/Capstone2/src/capstone2/LoginPanel.java</file>
        </group>
    </open-files>
</project-private>
